turmas,semente,tempo_s,conflitos,horarios,ls_inicial_movimentos,ls_inicial_conflitos_restantes,ls_max_movimentos,ls_chamadas_no_teto,ls_chamadas
60,102,0.6446696069997415,0,9,41,2,41,0,46
60,103,0.51823605699974,0,9,24,1,24,0,46
60,104,0.5868537779988401,0,9,23,1,23,0,46
100,142,0.9765343290000601,3,8,66,7,66,0,46
100,143,0.8139934589999029,3,8,31,7,31,0,46
100,144,0.8171378500010178,1,8,34,1,34,0,46
140,182,1.8758930209987739,1,9,94,3,94,0,46
140,183,1.4412414929993247,1,9,45,5,45,0,46
140,184,1.4726316319993202,0,9,49,3,49,0,46
