turmas,candidata,semente,omega,k_guloso,k_dsatur,selecionada
60,0,5060,20,20,20,False
60,1,6060,19,20,19,True
60,2,7060,21,21,21,False
60,3,8060,17,18,17,True
60,4,9060,17,17,17,False
60,5,10060,17,17,17,False
60,6,11060,20,20,20,False
60,7,12060,17,17,17,False
60,8,13060,18,18,18,False
60,9,14060,16,16,16,False
60,10,15060,16,18,18,True
60,11,16060,15,15,15,False
60,12,17060,20,20,20,False
60,13,18060,16,16,16,False
60,14,19060,17,17,17,False
60,15,20060,19,19,19,False
60,16,21060,20,20,20,False
60,17,22060,17,20,19,True
60,18,23060,17,17,17,False
60,19,24060,16,16,16,False
60,20,25060,18,18,18,False
60,21,26060,17,19,17,True
100,0,5100,21,21,21,False
100,1,6100,19,19,19,False
100,2,7100,22,22,22,False
100,3,8100,19,19,19,False
100,4,9100,17,17,17,False
100,5,10100,20,20,20,False
100,6,11100,18,18,18,False
100,7,12100,17,18,17,True
100,8,13100,18,19,18,True
100,9,14100,23,23,23,False
100,10,15100,18,19,18,True
100,11,16100,19,19,19,False
100,12,17100,17,19,18,True
100,13,18100,18,18,18,False
100,14,19100,18,18,18,False
100,15,20100,18,18,18,False
100,16,21100,25,25,25,False
100,17,22100,20,21,20,True
140,0,5140,19,20,19,True
140,1,6140,19,19,19,False
140,2,7140,18,18,18,False
140,3,8140,21,21,21,False
140,4,9140,17,17,17,False
140,5,10140,17,19,17,True
140,6,11140,19,19,19,False
140,7,12140,17,17,17,False
140,8,13140,20,20,20,False
140,9,14140,20,20,20,False
140,10,15140,18,19,18,True
140,11,16140,21,21,21,False
140,12,17140,17,18,17,True
140,13,18140,27,27,27,False
140,14,19140,19,19,19,False
140,15,20140,20,21,20,True
