turmas,instancia,semente,omega,algoritmo,conflitos,horarios,tempo_s,tempo_min_s,tempo_max_s
60,0,102,9,Guloso,0,9,0.00012392684500809993,0.00012002587001916254,0.00013309146001120098
60,0,102,9,DSATUR,0,9,0.0003478046499367338,0.00032384249971073586,0.00037880970012338366
60,1,1102,8,Guloso,0,8,0.00011112746498838533,0.00010900463497819146,0.00011365868500433863
60,1,1102,8,DSATUR,0,8,0.0003322121501696529,0.0003171135998854879,0.0003475352998066228
60,2,2102,11,Guloso,0,11,0.0001124666800023988,0.00011110675000963966,0.0001149277950025862
60,2,2102,11,DSATUR,0,11,0.0003289990498160478,0.0003240810998249799,0.000347703799707233
60,3,3102,8,Guloso,0,8,0.00010810734998813132,0.00010549771002843044,0.0001263481250134646
60,3,3102,8,DSATUR,0,8,0.00033351649981341327,0.0003174383498844691,0.00037818860000697895
60,4,4102,9,Guloso,0,9,0.00011835339999379358,0.0001135761100158561,0.00013061935002042446
60,4,4102,9,DSATUR,0,9,0.00034763514995574953,0.000326571800178499,0.00036215070031175856
100,0,142,8,Guloso,0,8,0.00019100974499451694,0.00018647023000085028,0.0002008892649973859
100,0,142,8,DSATUR,0,8,0.0008494803500070702,0.0008287111999379704,0.0009094737499253825
100,1,1142,11,Guloso,0,11,0.00021045286499429494,0.0002062588000262622,0.0002125927649831283
100,1,1142,11,DSATUR,0,11,0.0008744885999476537,0.0008471389497572091,0.0009092992499063257
100,2,2142,9,Guloso,0,9,0.00020624696000595577,0.00019536775500455405,0.00022186186000908492
100,2,2142,9,DSATUR,0,9,0.0008810000501398463,0.0008620533499197336,0.000994787500167149
100,3,3142,12,Guloso,0,12,0.00018774952499370557,0.0001851017149965628,0.00019219890498789027
100,3,3142,12,DSATUR,0,12,0.0008432393500697799,0.0008314868500747252,0.0010359945499658352
100,4,4142,8,Guloso,0,9,0.00020438051997189176,0.00019886261998180998,0.000211004544980824
100,4,4142,8,DSATUR,0,9,0.0008246822497312678,0.000817237500086776,0.000862585299910279
140,0,182,9,Guloso,0,9,0.0002853266850070213,0.00027989743997750336,0.00029005237000092167
140,0,182,9,DSATUR,0,9,0.0015231503999530104,0.001506220699957339,0.0015670255499571795
140,1,1182,9,Guloso,0,9,0.000257394979998935,0.00025293575501564194,0.0002630904599936912
140,1,1182,9,DSATUR,0,9,0.001499650999903679,0.0014742673502041725,0.0015133550001337425
140,2,2182,8,Guloso,0,9,0.00027778740499343255,0.00027489784501085525,0.00028474828501202866
140,2,2182,8,DSATUR,0,8,0.0014942974998120918,0.0014818140502029565,0.001639640899884398
140,3,3182,10,Guloso,0,10,0.0002730199899815489,0.0002694301399969845,0.0002848581449870835
140,3,3182,10,DSATUR,0,10,0.0015123272001801523,0.0014937697000277695,0.0015398579998873174
140,4,4182,8,Guloso,0,8,0.00024654019998706647,0.00024396942997555017,0.0002523695250056335
140,4,4182,8,DSATUR,0,8,0.001511402799951611,0.0014967088001867524,0.0015453024498128798
