instancia,turmas,arestas,grau_medio,grau_maximo,densidade,maior_grupo,maior_professor,omega,limite_inferior,indice,semente
Família densa,60,1012,33.7,52,0.572,19,6,19,19,0,6060
Família densa,60,942,31.4,52,0.532,17,8,17,17,1,8060
Família densa,60,937,31.2,49,0.529,16,6,16,16,2,15060
Família densa,60,990,33.0,49,0.559,17,8,17,17,3,22060
Família densa,60,885,29.5,45,0.5,17,7,17,17,4,26060
Família densa,100,1647,32.9,57,0.333,17,9,17,17,0,12100
Família densa,100,1858,37.2,58,0.375,18,9,18,18,1,13100
Família densa,100,1643,32.9,54,0.332,18,7,18,18,2,15100
Família densa,100,1608,32.2,58,0.325,17,8,17,17,3,17100
Família densa,100,1951,39.0,62,0.394,20,9,20,20,4,22100
Família densa,140,2704,38.6,65,0.278,19,8,19,19,0,5140
Família densa,140,2529,36.1,62,0.26,17,6,17,17,1,10140
Família densa,140,2479,35.4,64,0.255,18,8,18,18,2,15140
Família densa,140,2400,34.3,63,0.247,17,8,17,17,3,17140
Família densa,140,2554,36.5,67,0.262,20,8,20,20,4,20140
