turmas,instancia,orcamento,cores_disponiveis,k_guloso,omega,rodada,semente,tempo_s,conflitos,horarios,iteracao_primeira_viavel,tempo_ate_viavel_s,iteracao_melhor_final,tempo_ate_melhor_s,ls_inicial_movimentos,ls_inicial_conflitos,ls_max_movimentos,ls_chamadas_no_teto,ls_chamadas,aceites,aceites_mesmo_c_menos_k,viavel
60,0,K,20,20,19,0,6060,2.990470379998442,2,20,,,31,2.2503741900000023,34,6,34,0,46,3,0,False
60,0,K,20,20,19,1,6061,2.7195589910043054,1,20,,,29,1.8575145220020204,20,7,20,0,46,6,0,False
60,0,K,20,20,19,2,6062,2.8717432389967144,1,20,,,24,1.7638413079985185,26,3,26,0,46,2,0,False
60,0,K,20,20,19,3,6063,2.9911528560041916,2,20,,,0,0.4428380070021376,25,2,25,0,46,0,0,False
60,0,K,20,20,19,4,6064,2.8367761240006075,2,20,,,6,0.7583484200004023,27,4,27,0,46,2,0,False
60,0,K,20,20,19,5,6065,2.900847838005575,1,20,,,16,1.2824906840032781,22,2,22,0,46,1,0,False
60,0,K,20,20,19,6,6066,2.884169621000183,1,20,,,0,0.4656553310051095,26,1,26,0,46,0,0,False
60,0,K,20,20,19,7,6067,2.8901695640015532,1,20,,,40,2.6549965779995546,28,4,28,0,46,3,0,False
60,0,K,20,20,19,8,6068,2.570170433995372,1,20,,,28,1.7371141050025471,23,4,23,0,46,3,0,False
60,0,K,20,20,19,9,6069,2.6982296659989515,1,20,,,18,1.2096501690029982,20,5,20,0,46,4,0,False
60,0,K-1,19,20,19,0,6060,2.8320920499973,2,19,,,34,2.2796865360069205,32,8,32,0,46,5,0,False
60,0,K-1,19,20,19,1,6061,2.7936536370034446,1,19,,,23,1.6102752539954963,23,4,23,0,46,3,0,False
60,0,K-1,19,20,19,2,6062,2.6894281010027044,4,19,,,12,1.0623318139987532,28,6,28,0,46,2,0,False
60,0,K-1,19,20,19,3,6063,2.687892853995436,2,19,,,28,1.8840039409988094,25,3,25,0,46,1,0,False
60,0,K-1,19,20,19,4,6064,2.80465010899934,2,19,,,23,1.6737525520002237,25,7,25,0,46,3,0,False
60,0,K-1,19,20,19,5,6065,2.5211165329965297,4,19,,,18,1.2611021479970077,20,7,20,0,46,3,0,False
60,0,K-1,19,20,19,6,6066,2.6698956319960416,2,19,,,28,1.7885176019990467,26,5,26,0,46,3,0,False
60,0,K-1,19,20,19,7,6067,2.8980318699977943,1,19,,,33,2.32342664499447,26,7,26,0,46,5,0,False
60,0,K-1,19,20,19,8,6068,2.8055322879954474,2,19,,,4,0.5839014320008573,22,5,22,0,46,1,0,False
60,0,K-1,19,20,19,9,6069,2.6023852869984694,4,19,,,29,1.814669199004129,21,6,21,0,46,2,0,False
60,1,K,18,18,17,0,8060,2.2303758429989102,1,18,,,33,1.7853214990027482,33,9,33,0,46,8,0,False
60,1,K,18,18,17,1,8061,2.3071639749978203,0,18,34.0,1.809562135997112,34,1.809562135997112,21,7,21,0,46,5,0,True
60,1,K,18,18,17,2,8062,2.3139820319993305,3,18,,,32,1.70052153999859,20,7,20,0,46,3,0,False
60,1,K,18,18,17,3,8063,2.5265891710005235,1,18,,,32,1.9186746289997245,27,4,27,0,46,3,0,False
60,1,K,18,18,17,4,8064,2.2505678800007445,1,18,,,24,1.2903544000000693,16,8,16,0,46,6,0,False
60,1,K,18,18,17,5,8065,2.4247985039983178,2,18,,,20,1.302577687005396,25,6,25,0,46,3,0,False
60,1,K,18,18,17,6,8066,2.3388356840005144,3,18,,,7,0.6449230640064343,22,5,22,0,46,2,0,False
60,1,K,18,18,17,7,8067,2.4011260789993685,2,18,,,39,2.1595826400007354,20,8,20,0,46,5,0,False
60,1,K,18,18,17,8,8068,2.4771215470027528,1,18,,,20,1.3386832809992484,27,5,27,0,46,4,0,False
60,1,K,18,18,17,9,8069,2.4226765489947866,0,18,21.0,1.3139082449997659,21,1.3139082449997659,26,6,26,0,46,4,0,True
60,1,K-1,17,18,17,0,8060,2.5926630530011607,2,17,,,25,1.675148774003901,34,4,34,0,46,2,0,False
60,1,K-1,17,18,17,1,8061,2.223827079993498,2,17,,,43,2.1690590330035775,23,6,23,0,46,4,0,False
60,1,K-1,17,18,17,2,8062,2.3160479519938235,1,17,,,33,1.791376205997949,22,6,22,0,46,4,0,False
60,1,K-1,17,18,17,3,8063,2.1775718849967234,2,17,,,40,1.9922769850018085,25,6,25,0,46,4,0,False
60,1,K-1,17,18,17,4,8064,1.9538818639994133,3,17,,,40,1.7583654550035135,18,7,18,0,46,4,0,False
60,1,K-1,17,18,17,5,8065,2.1810325629994622,3,17,,,34,1.6974079680003342,24,7,24,0,46,4,0,False
60,1,K-1,17,18,17,6,8066,2.2205851079997956,4,17,,,22,1.2811599889973877,24,9,24,0,46,3,0,False
60,1,K-1,17,18,17,7,8067,2.36776602199825,4,17,,,9,0.6753255280054873,21,8,21,0,46,3,0,False
60,1,K-1,17,18,17,8,8068,2.2077000830031466,3,17,,,16,0.9678780559988809,23,7,23,0,46,4,0,False
60,1,K-1,17,18,17,9,8069,2.2858712399975047,4,17,,,3,0.491391098999884,27,5,27,0,46,1,0,False
60,2,K,18,18,16,0,15060,2.662928732999717,1,18,,,12,1.0774528479960281,40,4,40,0,46,3,0,False
60,2,K,18,18,16,1,15061,2.422659844996815,2,18,,,7,0.7225652350025484,25,4,25,0,46,2,0,False
60,2,K,18,18,16,2,15062,2.4218470549967606,2,18,,,5,0.6110342499960097,27,4,27,0,46,2,0,False
60,2,K,18,18,16,3,15063,2.4616276460001245,0,18,10.0,0.8000527069962118,10,0.8000527069962118,23,5,23,0,46,4,0,True
60,2,K,18,18,16,4,15064,2.4545588649998535,1,18,,,39,2.2075569450025796,27,2,27,0,46,1,0,False
60,2,K,18,18,16,5,15065,2.3939238880047924,2,18,,,31,1.759698155001388,26,5,26,0,46,3,0,False
60,2,K,18,18,16,6,15066,2.390463848001673,2,18,,,20,1.3082691059971694,27,5,27,0,46,3,0,False
60,2,K,18,18,16,7,15067,2.264134269003989,1,18,,,8,0.7299370269975043,27,2,27,0,46,1,0,False
60,2,K,18,18,16,8,15068,2.1765518040047027,2,18,,,35,1.7530574840056943,26,5,26,0,46,3,0,False
60,2,K,18,18,16,9,15069,2.3557388379995245,0,18,24.0,1.3959744070016313,24,1.3959744070016313,20,2,20,0,46,2,0,True
60,2,K-1,17,18,16,0,15060,2.434866974996112,2,17,,,36,2.0203667960013263,29,8,29,0,46,6,0,False
60,2,K-1,17,18,16,1,15061,2.281699776001915,3,17,,,36,1.9303916019998724,26,7,26,0,46,4,0,False
60,2,K-1,17,18,16,2,15062,2.2116197519935668,2,17,,,32,1.676527007999539,27,7,27,0,46,5,0,False
60,2,K-1,17,18,16,3,15063,2.2866075310012093,5,17,,,4,0.49327860100311227,24,7,24,0,46,2,0,False
60,2,K-1,17,18,16,4,15064,2.4355911379971076,4,17,,,13,0.9653610330060474,26,7,26,0,46,2,0,False
60,2,K-1,17,18,16,5,15065,2.3014309520003735,2,17,,,8,0.6945466329998453,25,7,25,0,46,4,0,False
60,2,K-1,17,18,16,6,15066,2.3076643019958283,3,17,,,2,0.45843205300479895,28,5,28,0,46,1,0,False
60,2,K-1,17,18,16,7,15067,2.374438505001308,2,17,,,26,1.440279720001854,21,7,21,0,46,5,0,False
60,2,K-1,17,18,16,8,15068,2.2212735880020773,4,17,,,21,1.2141080719957245,18,11,18,0,46,6,0,False
60,2,K-1,17,18,16,9,15069,2.5457303169969236,1,17,,,40,2.2726322210000944,23,5,23,0,46,3,0,False
60,3,K,20,20,17,0,22060,3.9020026409998536,1,20,,,6,1.3319376220024424,34,2,34,0,46,1,0,False
60,3,K,20,20,17,1,22061,2.8260925089998636,1,20,,,43,2.7366692329960642,27,4,27,0,46,3,0,False
60,3,K,20,20,17,2,22062,3.19161468600214,0,20,34.0,2.499451097995916,34,2.499451097995916,23,4,23,0,46,3,0,True
60,3,K,20,20,17,3,22063,3.041648507998616,0,20,20.0,1.684972804003337,20,1.684972804003337,23,1,23,0,46,1,0,True
60,3,K,20,20,17,4,22064,2.729033645999152,1,20,,,2,0.49472407499706605,23,2,23,0,46,1,0,False
60,3,K,20,20,17,5,22065,2.7840766469962546,0,20,25.0,1.6458168469980592,25,1.6458168469980592,20,5,20,0,46,5,0,True
60,3,K,20,20,17,6,22066,2.887141489001806,1,20,,,12,1.1910149730028934,27,2,27,0,46,1,0,False
60,3,K,20,20,17,7,22067,2.7895430470016436,1,20,,,7,0.8239157060015714,26,3,26,0,46,2,0,False
60,3,K,20,20,17,8,22068,2.9651622740057064,0,20,13.0,1.1236041670053964,13,1.1236041670053964,26,4,26,0,46,3,0,True
60,3,K,20,20,17,9,22069,2.918428090000816,1,20,,,9,0.9398938970043673,23,3,23,0,46,2,0,False
60,3,K-1,19,20,17,0,22060,2.641584295000939,1,19,,,42,2.5014451390015893,31,6,31,0,46,5,0,False
60,3,K-1,19,20,17,1,22061,2.4677016570058186,1,19,,,32,1.886151697995956,21,6,21,0,46,5,0,False
60,3,K-1,19,20,17,2,22062,2.456467702999362,1,19,,,37,2.052489619003609,21,5,21,0,46,3,0,False
60,3,K-1,19,20,17,3,22063,2.535396082996158,2,19,,,0,0.3696672779988148,23,2,23,0,46,0,0,False
60,3,K-1,19,20,17,4,22064,2.6514002840049216,3,19,,,3,0.5186066859969287,24,4,24,0,46,1,0,False
60,3,K-1,19,20,17,5,22065,2.6761990810045972,0,19,18.0,1.3267101449964684,18,1.3267101449964684,22,6,22,0,46,5,0,True
60,3,K-1,19,20,17,6,22066,2.561826242003008,2,19,,,37,2.1892360060010105,22,9,22,0,46,5,0,False
60,3,K-1,19,20,17,7,22067,2.6699541909983964,1,19,,,42,2.534800574001565,23,6,23,0,46,5,0,False
60,3,K-1,19,20,17,8,22068,2.697408157000609,3,19,,,27,1.793060025003797,21,10,21,0,46,5,0,False
60,3,K-1,19,20,17,9,22069,2.630085965996841,0,19,18.0,1.2504297720006434,18,1.2504297720006434,22,4,22,0,46,4,0,True
60,4,K,19,19,17,0,26060,2.6148197909933515,1,19,,,6,0.7626064579962986,34,3,34,0,46,2,0,False
60,4,K,19,19,17,1,26061,2.414511200004199,0,19,17.0,1.1616900470035034,17,1.1616900470035034,24,1,24,0,46,1,0,True
60,4,K,19,19,17,2,26062,2.335472826998739,0,19,15.0,0.9528459230059525,15,0.9528459230059525,17,4,17,0,46,4,0,True
60,4,K,19,19,17,3,26063,2.376903406002384,0,19,9.0,0.8127363539970247,9,0.8127363539970247,24,3,24,0,46,3,0,True
60,4,K,19,19,17,4,26064,2.2213144119959907,0,19,37.0,1.8625250449986197,37,1.8625250449986197,20,4,20,0,46,4,0,True
60,4,K,19,19,17,5,26065,2.379294343998481,0,19,43.0,2.3061177769995993,43,2.3061177769995993,26,3,26,0,46,3,0,True
60,4,K,19,19,17,6,26066,2.3326562470028875,0,19,13.0,0.8523492279928178,13,0.8523492279928178,20,4,20,0,46,3,0,True
60,4,K,19,19,17,7,26067,2.4222450950037455,0,19,21.0,1.3139130690033198,21,1.3139130690033198,21,4,21,0,46,4,0,True
60,4,K,19,19,17,8,26068,2.425593227002537,0,19,31.0,1.812734247003391,31,1.812734247003391,21,1,21,0,46,1,0,True
60,4,K,19,19,17,9,26069,2.407370381995861,1,19,,,6,0.6023362610067124,22,3,22,0,46,2,0,False
60,4,K-1,18,19,17,0,26060,2.6108189100050367,1,18,,,8,0.903143474002718,34,9,34,0,46,3,0,False
60,4,K-1,18,19,17,1,26061,2.3271828329961863,1,18,,,12,0.927113666999503,23,3,23,0,46,2,0,False
60,4,K-1,18,19,17,2,26062,2.265182564005954,1,18,,,2,0.38000106300023617,20,4,20,0,46,2,0,False
60,4,K-1,18,19,17,3,26063,2.259381415999087,0,18,31.0,1.7012720850034384,31,1.7012720850034384,23,4,23,0,46,4,0,True
60,4,K-1,18,19,17,4,26064,2.4368732630027807,1,18,,,21,1.3472888820033404,24,4,24,0,46,2,0,False
60,4,K-1,18,19,17,5,26065,2.2465403599999263,2,18,,,44,2.2325073960018926,24,5,24,0,46,3,0,False
60,4,K-1,18,19,17,6,26066,2.206386742000177,1,18,,,42,2.111227854999015,22,3,22,0,46,2,0,False
60,4,K-1,18,19,17,7,26067,2.1955918300009216,3,18,,,14,0.8890131389998714,24,6,24,0,46,2,0,False
60,4,K-1,18,19,17,8,26068,2.0074998670024797,0,18,34.0,1.5838376179963234,34,1.5838376179963234,22,3,22,0,46,3,0,True
60,4,K-1,18,19,17,9,26069,1.9599204999976791,1,18,,,21,1.011357503994077,20,5,20,0,46,4,0,False
100,0,K,18,18,17,0,12100,5.166803202002484,4,18,,,17,2.811294255996472,63,7,63,0,46,2,0,False
100,0,K,18,18,17,1,12101,4.614021312998375,2,18,,,39,4.145914050997817,42,4,42,0,46,2,0,False
100,0,K,18,18,17,2,12102,4.543402122995758,3,18,,,34,3.748654498005635,37,8,37,0,46,3,0,False
100,0,K,18,18,17,3,12103,4.335844839995843,5,18,,,18,2.403144230003818,40,8,40,0,46,3,0,False
100,0,K,18,18,17,4,12104,4.709718967998924,3,18,,,25,3.1760909970034845,39,9,39,0,46,5,0,False
100,0,K,18,18,17,5,12105,4.127865228998417,4,18,,,14,1.8963017660062178,36,9,36,0,46,3,0,False
100,0,K,18,18,17,6,12106,4.291445917995588,3,18,,,23,2.6487829860052443,44,5,44,0,46,2,0,False
100,0,K,18,18,17,7,12107,4.5751427020004485,4,18,,,40,4.146680163001292,38,6,38,0,46,2,0,False
100,0,K,18,18,17,8,12108,4.719760132000374,5,18,,,10,1.9483223060015007,45,8,45,0,46,2,0,False
100,0,K,18,18,17,9,12109,4.665705032995902,4,18,,,13,2.0974416620010743,43,6,43,0,46,2,0,False
100,0,K-1,17,18,17,0,12100,4.6694153169955825,9,17,,,30,3.571421159002057,64,11,64,0,46,2,0,False
100,0,K-1,17,18,17,1,12101,4.3677336370019475,7,17,,,14,2.00462195900036,39,10,39,0,46,2,0,False
100,0,K-1,17,18,17,2,12102,4.342234460003965,5,17,,,4,1.323984908995044,41,7,41,0,46,1,0,False
100,0,K-1,17,18,17,3,12103,4.0252261019995785,4,17,,,44,3.978125267996802,42,11,42,0,46,4,0,False
100,0,K-1,17,18,17,4,12104,4.570669213004294,6,17,,,9,1.7883003419992747,46,9,46,0,46,2,0,False
100,0,K-1,17,18,17,5,12105,4.318975882000814,5,17,,,22,2.6168273219955154,40,10,40,0,46,4,0,False
100,0,K-1,17,18,17,6,12106,4.481579506995331,7,17,,,26,2.9622325649979757,41,13,41,0,46,6,0,False
100,0,K-1,17,18,17,7,12107,4.345674463002069,3,17,,,41,4.043966492994514,37,10,37,0,46,5,0,False
100,0,K-1,17,18,17,8,12108,4.443279621002148,4,17,,,38,3.891164470995136,44,11,44,0,46,6,0,False
100,0,K-1,17,18,17,9,12109,4.271593520999886,5,17,,,34,3.5250730980042135,40,9,40,0,46,4,0,False
100,1,K,19,19,18,0,13100,5.682150796994392,4,19,,,34,4.68570064099913,63,11,63,0,46,6,0,False
100,1,K,19,19,18,1,13101,5.699734759000421,6,19,,,32,4.457668829003524,38,13,38,0,46,6,0,False
100,1,K,19,19,18,2,13102,5.464134820998879,4,19,,,41,5.063534342996718,40,11,40,0,46,7,0,False
100,1,K,19,19,18,3,13103,5.54693340400263,3,19,,,40,5.149496704994817,42,9,42,0,46,5,0,False
100,1,K,19,19,18,4,13104,5.47707245300262,3,19,,,44,5.420188882002549,41,8,41,0,46,3,0,False
100,1,K,19,19,18,5,13105,5.3351874069994665,6,19,,,9,2.1199388040040503,40,12,40,0,46,3,0,False
100,1,K,19,19,18,6,13106,4.889807382001891,3,19,,,44,4.832584866999241,36,9,36,0,46,6,0,False
100,1,K,19,19,18,7,13107,5.398762626995449,5,19,,,32,4.209520099000656,41,9,41,0,46,4,0,False
100,1,K,19,19,18,8,13108,5.248371039997437,4,19,,,33,4.170914564005216,41,7,41,0,46,3,0,False
100,1,K,19,19,18,9,13109,5.371486775999074,4,19,,,39,4.887046875002852,40,11,40,0,46,7,0,False
100,1,K-1,18,19,18,0,13100,5.5905756290012505,8,18,,,20,3.4222359630002757,62,12,62,0,46,2,0,False
100,1,K-1,18,19,18,1,13101,5.0242593479997595,7,18,,,29,3.6230066219941364,39,11,39,0,46,3,0,False
100,1,K-1,18,19,18,2,13102,4.694684107002104,5,18,,,39,4.187297440999828,42,13,42,0,46,7,0,False
100,1,K-1,18,19,18,3,13103,5.188133130999631,7,18,,,28,3.6094520279948483,42,11,42,0,46,3,0,False
100,1,K-1,18,19,18,4,13104,5.5242607520049205,7,18,,,21,3.253517226999975,40,12,40,0,46,4,0,False
100,1,K-1,18,19,18,5,13105,5.519370218004042,6,18,,,6,1.9860148380030296,48,11,48,0,46,3,0,False
100,1,K-1,18,19,18,6,13106,5.227531729004113,5,18,,,34,4.179651827995258,42,10,42,0,46,4,0,False
100,1,K-1,18,19,18,7,13107,5.077265595005883,7,18,,,17,2.5784232709993375,39,15,39,0,46,5,0,False
100,1,K-1,18,19,18,8,13108,4.852008472000307,8,18,,,17,2.4499172499999986,40,11,40,0,46,3,0,False
100,1,K-1,18,19,18,9,13109,5.170668134000152,8,18,,,27,3.51151856299839,38,13,38,0,46,3,0,False
100,2,K,19,19,18,0,15100,5.463307815000007,4,19,,,0,1.7124278099945514,63,4,63,0,46,0,0,False
100,2,K,19,19,18,1,15101,5.029892610000388,2,19,,,37,4.351030003002961,40,4,40,0,46,2,0,False
100,2,K,19,19,18,2,15102,4.822036263001792,2,19,,,23,3.0260061039953143,41,4,41,0,46,1,0,False
100,2,K,19,19,18,3,15103,4.887812343004043,1,19,,,36,4.1196197390017915,36,7,36,0,46,6,0,False
100,2,K,19,19,18,4,15104,4.507321493001655,1,19,,,20,2.6921024159964873,39,5,39,0,46,3,0,False
100,2,K,19,19,18,5,15105,4.89432295000006,1,19,,,12,2.09773561500333,48,2,48,0,46,1,0,False
100,2,K,19,19,18,6,15106,4.95006814700173,0,19,42.0,4.707583625000552,42,4.707583625000552,41,5,41,0,46,5,0,True
100,2,K,19,19,18,7,15107,5.190146573004313,2,19,,,43,5.043806100002257,44,6,44,0,46,3,0,False
100,2,K,19,19,18,8,15108,6.237668269001006,0,19,19.0,3.3305504029995063,19,3.3305504029995063,42,5,42,0,46,3,0,True
100,2,K,19,19,18,9,15109,6.189109042999917,4,19,,,21,3.814138321002247,35,7,35,0,46,2,0,False
100,2,K-1,18,19,18,0,15100,7.27966846000345,2,18,,,43,7.203105314998538,63,6,63,0,46,4,0,False
100,2,K-1,18,19,18,1,15101,5.108390563997091,2,18,,,44,5.04789298200194,38,7,38,0,46,5,0,False
100,2,K-1,18,19,18,2,15102,5.506652703996224,1,18,,,39,5.062581442994997,43,4,43,0,46,3,0,False
100,2,K-1,18,19,18,3,15103,4.894730605999939,3,18,,,42,4.7098694529995555,40,6,40,0,46,2,0,False
100,2,K-1,18,19,18,4,15104,4.85575611400418,4,18,,,24,3.110727538005449,42,7,42,0,46,3,0,False
100,2,K-1,18,19,18,5,15105,4.780302119004773,4,18,,,37,4.175944727001479,43,5,43,0,46,1,0,False
100,2,K-1,18,19,18,6,15106,4.515112206005142,5,18,,,0,1.034863483000663,41,5,41,0,46,0,0,False
100,2,K-1,18,19,18,7,15107,4.580209943000227,3,18,,,30,3.3107999860003474,44,9,44,0,46,6,0,False
100,2,K-1,18,19,18,8,15108,4.472590333003609,3,18,,,28,3.2166443879978033,40,4,40,0,46,1,0,False
100,2,K-1,18,19,18,9,15109,4.835915859002853,2,18,,,14,2.1853700319989002,43,7,43,0,46,3,0,False
100,3,K,19,19,17,0,17100,5.380722761998186,1,19,,,38,4.838544808000734,63,5,63,0,46,4,0,False
100,3,K,19,19,17,1,17101,4.539378265006235,1,19,,,32,3.557223684998462,37,4,37,0,46,3,0,False
100,3,K,19,19,17,2,17102,4.742357372997503,1,19,,,39,4.3272599120027735,40,3,40,0,46,2,0,False
100,3,K,19,19,17,3,17103,4.619224109999777,1,19,,,16,2.2526465809933143,35,7,35,0,46,5,0,False
100,3,K,19,19,17,4,17104,4.8707763029960915,1,19,,,34,4.015137804002734,39,5,39,0,46,4,0,False
100,3,K,19,19,17,5,17105,4.928226586001983,0,19,36.0,4.197504328003561,36,4.197504328003561,41,4,41,0,46,4,0,True
100,3,K,19,19,17,6,17106,4.459524404999684,2,19,,,35,3.773970009002369,37,5,37,0,46,3,0,False
100,3,K,19,19,17,7,17107,4.74671618299908,3,19,,,9,1.8121926690000691,41,6,41,0,46,3,0,False
100,3,K,19,19,17,8,17108,4.7533652979982435,1,19,,,18,2.5242881949961884,39,3,39,0,46,2,0,False
100,3,K,19,19,17,9,17109,4.832684410001093,2,19,,,34,3.9578154859991628,43,6,43,0,46,4,0,False
100,3,K-1,18,19,17,0,17100,5.152192835004826,6,18,,,25,3.5048529889972997,60,9,60,0,46,3,0,False
100,3,K-1,18,19,17,1,17101,4.225007881002966,2,18,,,38,3.7425522100020316,39,9,39,0,46,6,0,False
100,3,K-1,18,19,17,2,17102,4.044309078002698,3,18,,,42,3.883612304998678,41,6,41,0,46,3,0,False
100,3,K-1,18,19,17,3,17103,4.4470480529998895,4,18,,,24,2.84133328399912,41,6,41,0,46,2,0,False
100,3,K-1,18,19,17,4,17104,4.324481353003648,1,18,,,36,3.679623552998237,40,8,40,0,46,6,0,False
100,3,K-1,18,19,17,5,17105,4.349245819001226,4,18,,,29,3.1708941529941512,38,8,38,0,46,4,0,False
100,3,K-1,18,19,17,6,17106,4.79020877199946,3,18,,,33,3.737019779997354,37,7,37,0,46,3,0,False
100,3,K-1,18,19,17,7,17107,4.932773633998295,3,18,,,30,3.721605840000848,41,9,41,0,46,5,0,False
100,3,K-1,18,19,17,8,17108,4.524439980996249,5,18,,,34,3.665807874996972,38,10,38,0,46,4,0,False
100,3,K-1,18,19,17,9,17109,4.907251538999844,5,18,,,15,2.440495528993779,45,8,45,0,46,3,0,False
100,4,K,21,21,20,0,22100,6.948081028000161,2,21,,,34,5.7085666169950855,58,10,58,0,46,7,0,False
100,4,K,21,21,20,1,22101,6.445893267999054,4,21,,,24,4.085583492000296,39,7,39,0,46,3,0,False
100,4,K,21,21,20,2,22102,6.43942949600023,3,21,,,43,6.274719253000512,40,5,40,0,46,2,0,False
100,4,K,21,21,20,3,22103,6.742989552003564,3,21,,,4,1.9898156479976024,45,4,45,0,46,1,0,False
100,4,K,21,21,20,4,22104,6.531041284004459,2,21,,,21,3.8788594559955527,41,6,41,0,46,3,0,False
100,4,K,21,21,20,5,22105,5.973822488995211,3,21,,,33,4.679494807998708,38,9,38,0,46,3,0,False
100,4,K,21,21,20,6,22106,5.885374990000855,1,21,,,40,5.3505201320003835,30,12,30,0,46,9,0,False
100,4,K,21,21,20,7,22107,6.135579460998997,4,21,,,25,4.060676920998958,48,9,48,0,46,5,0,False
100,4,K,21,21,20,8,22108,6.332752526999684,3,21,,,30,4.702304694001214,45,6,45,0,46,3,0,False
100,4,K,21,21,20,9,22109,6.872578998998506,4,21,,,44,6.802249205997214,39,10,39,0,46,6,0,False
100,4,K-1,20,21,20,0,22100,6.664890375999676,6,20,,,18,3.9115767699986463,60,13,60,0,46,5,0,False
100,4,K-1,20,21,20,1,22101,5.881837255998107,5,20,,,34,4.795471634002752,35,13,35,0,46,8,0,False
100,4,K-1,20,21,20,2,22102,5.953858699998818,6,20,,,21,3.394804885996564,40,12,40,0,46,4,0,False
100,4,K-1,20,21,20,3,22103,5.913523062001332,5,20,,,23,3.74325907399907,44,9,44,0,46,3,0,False
100,4,K-1,20,21,20,4,22104,5.724132067996834,4,20,,,12,2.5968529149977257,45,9,45,0,46,4,0,False
100,4,K-1,20,21,20,5,22105,5.604902580998896,6,20,,,18,2.961538609000854,36,12,36,0,46,5,0,False
100,4,K-1,20,21,20,6,22106,5.595697974997165,7,20,,,40,5.119478799002536,37,10,37,0,46,3,0,False
100,4,K-1,20,21,20,7,22107,6.023329794996243,4,20,,,23,3.7677536650007823,43,12,43,0,46,6,0,False
100,4,K-1,20,21,20,8,22108,6.022914024004422,4,20,,,21,3.5973159300046973,49,7,49,0,46,2,0,False
100,4,K-1,20,21,20,9,22109,5.900976438999351,5,20,,,18,3.310359494003933,43,10,43,0,46,3,0,False
140,0,K,20,20,19,0,5140,10.537870335996558,4,20,,,41,9.954944942997827,97,7,97,0,46,2,0,False
140,0,K,20,20,19,1,5141,9.149941813004261,3,20,,,44,9.060110605998489,59,8,59,0,46,4,0,False
140,0,K,20,20,19,2,5142,8.777058638996095,5,20,,,4,2.921314548999362,53,7,53,0,46,1,0,False
140,0,K,20,20,19,3,5143,8.624198410005192,8,20,,,41,7.932091426002444,51,14,51,0,46,6,0,False
140,0,K,20,20,19,4,5144,9.278641746001085,5,20,,,16,4.95891336400382,58,12,58,0,46,4,0,False
140,0,K,20,20,19,5,5145,8.807024462003028,5,20,,,44,8.714866527006961,59,8,59,0,46,3,0,False
140,0,K,20,20,19,6,5146,8.644033370001125,5,20,,,38,7.755692899001588,54,11,54,0,46,5,0,False
140,0,K,20,20,19,7,5147,8.848006283995346,4,20,,,36,7.709906399999454,63,7,63,0,46,3,0,False
140,0,K,20,20,19,8,5148,8.939419147995068,4,20,,,38,7.919244349002838,58,12,58,0,46,8,0,False
140,0,K,20,20,19,9,5149,8.61882700699789,4,20,,,27,6.210555156998453,56,8,56,0,46,3,0,False
140,0,K-1,19,20,19,0,5140,10.063711949995195,4,19,,,44,9.979194849998748,94,11,94,0,46,7,0,False
140,0,K-1,19,20,19,1,5141,8.520902809999825,8,19,,,11,3.9946854429945233,57,12,57,0,46,2,0,False
140,0,K-1,19,20,19,2,5142,8.328228079000837,6,19,,,34,6.899710680998396,53,12,53,0,46,6,0,False
140,0,K-1,19,20,19,3,5143,8.358057609999378,8,19,,,39,7.553262328001438,54,17,54,0,46,7,0,False
140,0,K-1,19,20,19,4,5144,8.332649487994786,10,19,,,44,8.289799045000109,56,14,56,0,46,3,0,False
140,0,K-1,19,20,19,5,5145,8.735334734999924,11,19,,,32,7.008512400003383,63,13,63,0,46,2,0,False
140,0,K-1,19,20,19,6,5146,8.31213716500497,7,19,,,44,8.226343640002597,57,14,57,0,46,4,0,False
140,0,K-1,19,20,19,7,5147,8.06321571200533,12,19,,,27,5.883454360999167,58,14,58,0,46,2,0,False
140,0,K-1,19,20,19,8,5148,8.318737522000447,7,19,,,43,8.109094947001722,54,16,54,0,46,6,0,False
140,0,K-1,19,20,19,9,5149,10.387135630000557,6,19,,,44,10.297948901999916,58,10,58,0,46,4,0,False
140,1,K,19,19,17,0,10140,9.505861645004188,6,19,,,19,6.136217048995604,91,9,91,0,46,3,0,False
140,1,K,19,19,17,1,10141,7.866666178000742,4,19,,,35,6.671329268996487,58,11,58,0,46,7,0,False
140,1,K,19,19,17,2,10142,8.231526527000824,3,19,,,5,3.295886653002526,66,5,66,0,46,2,0,False
140,1,K,19,19,17,3,10143,8.429258001000562,5,19,,,4,3.340599081995606,66,9,66,0,46,1,0,False
140,1,K,19,19,17,4,10144,7.878446286995313,5,19,,,39,7.186287912001717,54,10,54,0,46,3,0,False
140,1,K,19,19,17,5,10145,7.685804337997979,7,19,,,36,6.68899739599874,50,14,50,0,46,7,0,False
140,1,K,19,19,17,6,10146,7.924276871999609,1,19,,,40,7.330631021002773,55,8,55,0,46,6,0,False
140,1,K,19,19,17,7,10147,7.897940827999264,6,19,,,40,7.36640534199978,59,8,59,0,46,2,0,False
140,1,K,19,19,17,8,10148,7.977840018000279,5,19,,,10,3.5402448890017695,57,6,57,0,46,1,0,False
140,1,K,19,19,17,9,10149,7.895941619004589,5,19,,,35,6.8115958659982425,57,8,57,0,46,3,0,False
140,1,K-1,18,19,17,0,10140,8.734891674001119,9,18,,,23,6.0206005060026655,85,13,85,0,46,4,0,False
140,1,K-1,18,19,17,1,10141,7.5783973680008785,5,18,,,32,6.120080822998716,56,14,56,0,46,6,0,False
140,1,K-1,18,19,17,2,10142,7.683385673000885,7,18,,,36,6.629222178002237,60,12,60,0,46,4,0,False
140,1,K-1,18,19,17,3,10143,7.528980344999582,7,18,,,42,7.2642288229981204,62,15,62,0,46,7,0,False
140,1,K-1,18,19,17,4,10144,7.505946919001872,7,18,,,21,4.5621668260064325,54,10,54,0,46,2,0,False
140,1,K-1,18,19,17,5,10145,7.378615829999035,11,18,,,22,4.667887099996733,56,15,56,0,46,4,0,False
140,1,K-1,18,19,17,6,10146,7.472522527001274,6,18,,,39,6.79434554099862,56,13,56,0,46,6,0,False
140,1,K-1,18,19,17,7,10147,7.36852040499798,8,18,,,44,7.294701242004521,57,15,57,0,46,5,0,False
140,1,K-1,18,19,17,8,10148,7.529836717003491,10,18,,,37,6.547515614001895,52,17,52,0,46,4,0,False
140,1,K-1,18,19,17,9,10149,7.627252243997646,8,18,,,35,6.468731715001923,58,11,58,0,46,2,0,False
140,2,K,19,19,18,0,15140,9.055882959997689,5,19,,,1,3.695014067001466,89,8,89,0,46,1,0,False
140,2,K,19,19,18,1,15141,7.642430438005249,1,19,,,11,3.772742640998331,61,5,61,0,46,3,0,False
140,2,K,19,19,18,2,15142,7.8519300570042105,6,19,,,22,4.969857386000513,60,9,60,0,46,3,0,False
140,2,K,19,19,18,3,15143,7.889586272001907,7,19,,,25,5.393236279996927,54,12,54,0,46,5,0,False
140,2,K,19,19,18,4,15144,7.933974962004868,1,19,,,24,5.272634833003394,54,8,54,0,46,5,0,False
140,2,K,19,19,18,5,15145,7.8248144980025245,5,19,,,34,6.533037959001376,57,12,57,0,46,5,0,False
140,2,K,19,19,18,6,15146,7.54812012000184,6,19,,,34,6.292161526005657,55,10,55,0,46,4,0,False
140,2,K,19,19,18,7,15147,8.183019908996357,5,19,,,24,5.4893170229988755,56,9,56,0,46,3,0,False
140,2,K,19,19,18,8,15148,8.19037906399899,5,19,,,10,3.9514679810017697,61,7,61,0,46,2,0,False
140,2,K,19,19,18,9,15149,7.560255589000008,6,19,,,18,4.194649186996685,51,9,51,0,46,3,0,False
140,2,K-1,18,19,18,0,15140,8.499939118002658,6,18,,,32,6.944109573996684,89,13,89,0,46,6,0,False
140,2,K-1,18,19,18,1,15141,7.711406821996206,6,18,,,3,2.8861345190016436,68,7,68,0,46,1,0,False
140,2,K-1,18,19,18,2,15142,7.793367259000661,6,18,,,44,7.753698679996887,63,10,63,0,46,3,0,False
140,2,K-1,18,19,18,3,15143,7.266338493995136,11,18,,,36,6.345745775994146,58,16,58,0,46,4,0,False
140,2,K-1,18,19,18,4,15144,7.4626783240018995,9,18,,,32,6.137120601000788,61,12,61,0,46,3,0,False
140,2,K-1,18,19,18,5,15145,7.5474717649995,4,18,,,40,6.9607491999995545,60,13,60,0,46,5,0,False
140,2,K-1,18,19,18,6,15146,7.545605837003677,4,18,,,30,5.741536708002968,54,10,54,0,46,4,0,False
140,2,K-1,18,19,18,7,15147,7.084245580001152,8,18,,,15,3.7545265310036484,55,12,55,0,46,4,0,False
140,2,K-1,18,19,18,8,15148,7.256154891001643,9,18,,,31,5.77621350899426,58,16,58,0,46,6,0,False
140,2,K-1,18,19,18,9,15149,7.077310819004197,5,18,,,44,7.003336114998092,53,15,53,0,46,5,0,False
140,3,K,18,18,17,0,17140,8.464128330000676,6,18,,,40,7.921957995997218,95,10,95,0,46,4,0,False
140,3,K,18,18,17,1,17141,7.254430762994161,5,18,,,26,5.245978071005084,57,10,57,0,46,3,0,False
140,3,K,18,18,17,2,17142,7.278825606997998,8,18,,,34,6.047945234997314,58,10,58,0,46,2,0,False
140,3,K,18,18,17,3,17143,7.155971098000009,4,18,,,24,4.764659399996162,56,12,56,0,46,5,0,False
140,3,K,18,18,17,4,17144,7.217067909004982,8,18,,,42,6.887453254996217,54,14,54,0,46,4,0,False
140,3,K,18,18,17,5,17145,7.5127501569950255,7,18,,,30,5.810111632999906,61,10,61,0,46,2,0,False
140,3,K,18,18,17,6,17146,7.105244140999275,7,18,,,13,3.5915269090037327,57,12,57,0,46,3,0,False
140,3,K,18,18,17,7,17147,6.860142332996475,5,18,,,36,5.926766471995506,56,12,56,0,46,5,0,False
140,3,K,18,18,17,8,17148,7.040408159002254,2,18,,,35,5.966978338001354,56,12,56,0,46,6,0,False
140,3,K,18,18,17,9,17149,7.158653563994449,6,18,,,18,4.253432543999224,57,16,57,0,46,4,0,False
140,3,K-1,17,18,17,0,17140,8.019793819999904,8,17,,,42,7.743187422995106,91,16,91,0,46,6,0,False
140,3,K-1,17,18,17,1,17141,6.80666083899996,9,17,,,39,6.204786135000177,60,15,60,0,46,6,0,False
140,3,K-1,17,18,17,2,17142,6.931062906995066,7,17,,,42,6.716667364002205,63,16,63,0,46,5,0,False
140,3,K-1,17,18,17,3,17143,6.75123985800019,10,17,,,29,5.106924708001316,57,13,57,0,46,2,0,False
140,3,K-1,17,18,17,4,17144,6.824038245002157,13,17,,,37,5.9454038179974305,59,18,59,0,46,3,0,False
140,3,K-1,17,18,17,5,17145,7.003543216000253,5,17,,,23,4.751366263000818,62,9,62,0,46,4,0,False
140,3,K-1,17,18,17,6,17146,6.731729562001419,11,17,,,41,6.315070655000454,51,19,51,0,46,6,0,False
140,3,K-1,17,18,17,7,17147,7.151173760001257,9,17,,,40,6.645513671996014,57,18,57,0,46,8,0,False
140,3,K-1,17,18,17,8,17148,6.9211438830025145,11,17,,,22,4.367140839996864,61,13,61,0,46,2,0,False
140,3,K-1,17,18,17,9,17149,7.000471756000479,8,17,,,45,7.000462752002932,61,15,61,0,46,7,0,False
140,4,K,21,21,20,0,20140,10.192576787994767,3,21,,,40,9.617810789997748,97,7,97,0,46,4,0,False
140,4,K,21,21,20,1,20141,8.666617407005106,2,21,,,17,4.74309353800345,55,5,55,0,46,2,0,False
140,4,K,21,21,20,2,20142,9.16984665599739,2,21,,,18,5.299868504996994,59,3,59,0,46,1,0,False
140,4,K,21,21,20,3,20143,8.757704383999226,1,21,,,23,5.548327752003388,59,3,59,0,46,2,0,False
140,4,K,21,21,20,4,20144,8.788994345006358,2,21,,,14,4.431879151998146,52,8,52,0,46,4,0,False
140,4,K,21,21,20,5,20145,8.48792327800038,1,21,,,25,5.843937918994925,51,5,51,0,46,4,0,False
140,4,K,21,21,20,6,20146,8.734346510995238,2,21,,,30,6.901832596005988,57,5,57,0,46,3,0,False
140,4,K,21,21,20,7,20147,8.310828278998088,2,21,,,42,7.951113643001008,47,7,47,0,46,5,0,False
140,4,K,21,21,20,8,20148,8.665313974997844,3,21,,,13,4.306915504996141,56,5,56,0,46,2,0,False
140,4,K,21,21,20,9,20149,8.625981172997854,1,21,,,32,6.803042273997562,56,7,56,0,46,5,0,False
140,4,K-1,20,21,20,0,20140,9.726135745004285,4,20,,,31,7.931409507000353,90,6,90,0,46,2,0,False
140,4,K-1,20,21,20,1,20141,8.37862447599764,5,20,,,37,7.282465716001752,54,9,54,0,46,4,0,False
140,4,K-1,20,21,20,2,20142,8.269472057996609,2,20,,,0,2.6277099609942525,63,2,63,0,46,0,0,False
140,4,K-1,20,21,20,3,20143,8.261070020998886,2,20,,,11,3.685509964998346,58,5,58,0,46,2,0,False
140,4,K-1,20,21,20,4,20144,8.244860168997548,4,20,,,36,7.100908759995946,60,6,60,0,46,2,0,False
140,4,K-1,20,21,20,5,20145,8.315922645000683,4,20,,,12,3.8699606340014725,55,5,55,0,46,1,0,False
140,4,K-1,20,21,20,6,20146,8.097120056001586,5,20,,,36,6.9275205850062775,54,8,54,0,46,2,0,False
140,4,K-1,20,21,20,7,20147,7.811001000998658,5,20,,,42,7.440609476005193,50,7,50,0,46,2,0,False
140,4,K-1,20,21,20,8,20148,8.27905801399902,6,20,,,35,7.014981670996349,62,7,62,0,46,1,0,False
140,4,K-1,20,21,20,9,20149,8.47150796400092,6,20,,,38,7.51669453499926,57,8,57,0,46,2,0,False
