turmas,rodada,semente,tempo_s,conflitos,horarios,ls_inicial_movimentos,ls_inicial_conflitos,ls_max_movimentos,ls_chamadas_no_teto,ls_chamadas,viavel
60,0,102,0.7219197949998488,0,9,41,2,41,0,46,True
60,1,103,0.6021642999985488,0,9,24,1,24,0,46,True
60,2,104,0.6519688070002303,0,9,23,1,23,0,46,True
100,0,142,1.2034818319989427,3,8,66,7,66,0,46,False
100,1,143,0.9590278779978689,3,8,31,7,31,0,46,False
100,2,144,0.9679045359989686,1,8,34,1,34,0,46,False
140,0,182,2.062574178999057,1,9,94,3,94,0,46,False
140,1,183,1.6800677969986282,1,9,45,5,45,0,46,False
140,2,184,1.6934042270004284,0,9,49,3,49,0,46,True
